"","Species.Pop","HighestTrait","lat","lon","maxtemp","tolerance_point","tolerance_lower","tolerance_upper"
"1","Aedes_aegypti","BitingRate","-3.22","40.07","33.7997134676059","6.20028653239407","6.20028653239407","6.60028653239407"
"2","Aedes_aegypti","BitingRate","-4.27","15.3","34.6282687391096","5.37173126089045","5.37173126089045","5.77173126089045"
"3","Aedes_aegypti","BitingRate","-3.04","40.14","33.7996064606387","6.20039353936128","6.20039353936128","6.60039353936128"
"4","Aedes_aegypti","BitingRate","0.18","32.5","33.7994919607738","6.20050803922624","6.20050803922624","6.60050803922624"
"5","Aedes_aegypti","BitingRate","4.63","-74.09","33.7887810507053","6.21121894929475","6.21121894929475","6.61121894929475"
"6","Aedes_aegypti","BitingRate","4.64","9.44","35.6136265907354","4.38637340926462","4.38637340926462","4.78637340926462"
"7","Aedes_aegypti","BitingRate","1.28","103.84","33.7999651276738","6.20003487232619","6.20003487232619","6.60003487232618"
"8","Aedes_aegypti","BitingRate","1.28","103.83","33.7995713640794","6.20042863592056","6.20042863592056","6.60042863592056"
"9","Aedes_aegypti","BitingRate","1.28","103.85","33.7999957680372","6.20000423196283","6.20000423196283","6.60000423196283"
"10","Aedes_aegypti","BitingRate","1.29","103.82","33.7996225408386","6.20037745916144","6.20037745916144","6.60037745916144"
"11","Aedes_aegypti","BitingRate","1.3","103.86","33.7999615593452","6.20003844065476","6.20003844065476","6.60003844065476"
"12","Aedes_aegypti","BitingRate","1.32","103.88","33.7998828496479","6.2001171503521","6.2001171503521","6.6001171503521"
"13","Aedes_aegypti","BitingRate","1.32","103.86","33.7997155448796","6.20028445512044","6.20028445512044","6.60028445512044"
"14","Aedes_aegypti","BitingRate","1.33","103.9","33.799872638019","6.20012736198099","6.20012736198099","6.60012736198099"
"15","Aedes_aegypti","BitingRate","1.33","103.93","33.7992226456064","6.20077735439355","6.20077735439355","6.60077735439355"
"16","Aedes_aegypti","BitingRate","1.28","103.82","33.7997055719683","6.20029442803173","6.20029442803173","6.60029442803173"
"17","Aedes_aegypti","BitingRate","1.31","103.89","33.799822769079","6.20017723092104","6.20017723092104","6.60017723092104"
"18","Aedes_aegypti","BitingRate","1.31","103.85","33.7999419609181","6.20005803908194","6.20005803908194","6.60005803908194"
"19","Aedes_aegypti","BitingRate","1.32","103.85","33.7996882164389","6.2003117835611","6.2003117835611","6.6003117835611"
"20","Aedes_aegypti","BitingRate","1.55","110.34","33.8051517511097","6.19484824889027","6.19484824889027","6.59484824889027"
"21","Aedes_aegypti","BitingRate","4.25","117.88","33.7999625281687","6.20003747183129","6.20003747183129","6.60003747183129"
"22","Aedes_aegypti","BitingRate","4.4","113.98","33.7999649405301","6.20003505946988","6.20003505946988","6.60003505946987"
"23","Aedes_aegypti","BitingRate","4.47","118.6","33.799990734979","6.20000926502102","6.20000926502102","6.60000926502102"
"24","Aedes_aegypti","BitingRate","5","118","33.8987598931099","6.10124010689007","6.10124010689007","6.50124010689007"
"25","Aedes_aegypti","BitingRate","-3.75","39.82","33.7997471339784","6.20025286602158","6.20025286602158","6.60025286602158"
"26","Aedes_aegypti","BitingRate","-3.62","30.58","33.7995905241594","6.20040947584057","6.20040947584057","6.60040947584056"
"27","Aedes_aegypti","BitingRate","-0.5","30.5","33.7984999040406","6.2015000959594","6.2015000959594","6.6015000959594"
"28","Aedes_aegypti","BitingRate","-0.4","31.15","33.7997845869172","6.20021541308279","6.20021541308279","6.60021541308279"
"29","Aedes_aegypti","BitingRate","-0.34","31.73","33.7994660259576","6.2005339740424","6.2005339740424","6.6005339740424"
"30","Aedes_aegypti","BitingRate","0.32","32.58","33.79803759189","6.20196240811","6.20196240811","6.60196240811"
"31","Aedes_aegypti","BitingRate","0.71","30.05","33.7996180120537","6.20038198794627","6.20038198794627","6.60038198794627"
"32","Aedes_aegypti","BitingRate","-1.29","36.85","33.79951099037","6.20048900962998","6.20048900962998","6.60048900962997"
"33","Aedes_aegypti","BitingRate","-0.52","166.93","33.7997114345277","6.20028856547231","6.20028856547231","6.6002885654723"
"34","Aedes_aegypti","BitingRate","-0.52","166.92","33.7997301046699","6.20026989533013","6.20026989533013","6.60026989533013"
"35","Aedes_aegypti","BitingRate","1.3","103.85","33.7999525094421","6.20004749055793","6.20004749055793","6.60004749055793"
"36","Aedes_aegypti","BitingRate","1.45","125.2","33.7996606219395","6.20033937806047","6.20033937806047","6.60033937806047"
"37","Aedes_aegypti","BitingRate","3.21","101.64","35.7497528941872","4.2502471058128","4.2502471058128","4.6502471058128"
"38","Aedes_aegypti","BitingRate","-4","39.59","35.3475777937014","4.65242220629858","4.65242220629858","5.05242220629858"
"39","Aedes_aegypti","BitingRate","-3.97","39.5","35.6425369393106","4.35746306068937","4.35746306068937","4.75746306068937"
"40","Aedes_aegypti","BitingRate","-3.95","39.53","35.0346882865235","4.96531171347646","4.96531171347646","5.36531171347646"
"41","Aedes_aegypti","BitingRate","-2.54","37.53","33.7998898905882","6.20011010941182","6.20011010941182","6.60011010941182"
"42","Aedes_aegypti","BitingRate","1.46","103.75","33.7998800102215","6.20011998977849","6.20011998977849","6.60011998977848"
"43","Aedes_aegypti","BitingRate","2.2","102.25","33.7999341497799","6.20006585022014","6.20006585022014","6.60006585022014"
"44","Aedes_aegypti","BitingRate","2.75","102.16","33.7997606531541","6.20023934684594","6.20023934684594","6.60023934684594"
"45","Aedes_aegypti","BitingRate","3.16","101.7","35.5905523747784","4.4094476252216","4.4094476252216","4.8094476252216"
"46","Aedes_aegypti","BitingRate","3.35","101.25","34.0410481617006","5.95895183829936","5.95895183829936","6.35895183829936"
"47","Aedes_aegypti","BitingRate","5","101","33.7984549851795","6.20154501482054","6.20154501482054","6.60154501482054"
"48","Aedes_aegypti","BitingRate","-4.03","39.69","34.5891795190781","5.41082048092187","5.41082048092187","5.81082048092187"
"49","Aedes_aegypti","BitingRate","-3.63","143.05","33.7999156296195","6.20008437038049","6.20008437038049","6.60008437038049"
"50","Aedes_aegypti","BitingRate","-3.55","143.63","33.7995320484043","6.20046795159572","6.20046795159572","6.60046795159572"
"51","Aedes_aegypti","BitingRate","-3.49","38.44","33.9479415734677","6.05205842653231","6.05205842653231","6.4520584265323"
"52","Aedes_aegypti","BitingRate","1.35","172.93","33.7999987805216","6.20000121947836","6.20000121947836","6.60000121947836"
"53","Aedes_aegypti","BitingRate","1.36","173.15","33.7996349453789","6.20036505462111","6.20036505462111","6.60036505462111"
"54","Aedes_aegypti","BitingRate","1.36","173.13","33.7999517704339","6.20004822956605","6.20004822956605","6.60004822956605"
"55","Aedes_aegypti","BitingRate","-2.41","-48.15","35.8235380747132","4.1764619252868","4.1764619252868","4.5764619252868"
"56","Aedes_aegypti","BitingRate","3.12","101.68","34.8680916189257","5.13190838107431","5.13190838107431","5.53190838107431"
"57","Aedes_aegypti","BitingRate","-4.66","105.71","33.9507627405214","6.04923725947861","6.04923725947861","6.44923725947861"
"58","Aedes_aegypti","BitingRate","-2.98","104.75","34.2310753600584","5.76892463994155","5.76892463994155","6.16892463994155"
"59","Aedes_aegypti","BitingRate","1.53","124.91","33.7999370610449","6.20006293895509","6.20006293895509","6.60006293895509"
"60","Aedes_aegypti","BitingRate","-2.58","-51.91","35.8059410983685","4.19405890163148","4.19405890163148","4.59405890163148"
"61","Aedes_aegypti","BitingRate","4.93","-52.33","33.8491632525017","6.15083674749832","6.15083674749832","6.55083674749832"
"62","Aedes_aegypti","BitingRate","4.38","18.55","37.0689977239195","2.93100227608051","2.93100227608051","3.3310022760805"
"63","Aedes_aegypti","BitingRate","-4.18","39.45","33.7998545263929","6.20014547360713","6.20014547360713","6.60014547360713"
"64","Aedes_aegypti","BitingRate","-4.31","15.32","34.5760041830367","5.42399581696335","5.42399581696335","5.82399581696335"
"65","Aedes_aegypti","BitingRate","-3.76","-73.25","35.157646130204","4.84235386979598","4.84235386979598","5.24235386979598"
"66","Aedes_aegypti","BitingRate","-3.75","-73.19","35.17465160323","4.82534839677002","4.82534839677002","5.22534839677002"
"67","Aedes_aegypti","BitingRate","3.45","-76.52","33.7999581015092","6.2000418984908","6.2000418984908","6.6000418984908"
"68","Aedes_aegypti","BitingRate","3.64","-54.03","36.3053696371414","3.69463036285863","3.69463036285863","4.09463036285862"
"69","Aedes_aegypti","BitingRate","-4.25","119.62","34.4634058969524","5.53659410304758","5.53659410304758","5.93659410304758"
"70","Aedes_aegypti","BitingRate","-3.49","119.12","33.7997979483062","6.20020205169383","6.20020205169383","6.60020205169383"
"71","Aedes_aegypti","BitingRate","-3.42","119.34","33.7992707515902","6.20072924840976","6.20072924840976","6.60072924840976"
"72","Aedes_aegypti","BitingRate","4.26","-54.37","35.9956373025891","4.00436269741093","4.00436269741093","4.40436269741092"
"73","Aedes_aegypti","BitingRate","4.31","-52.14","34.2156198982273","5.78438010177273","5.78438010177273","6.18438010177273"
"74","Aedes_aegypti","BitingRate","1.16","127.84","33.7999844472324","6.20001555276764","6.20001555276764","6.60001555276764"
"75","Aedes_aegypti","BitingRate","1.18","127.9","33.7999292222803","6.20007077771968","6.20007077771968","6.60007077771968"
"76","Aedes_aegypti","BitingRate","2.29","111.83","33.9593086368305","6.04069136316949","6.04069136316949","6.44069136316949"
"77","Aedes_aegypti","BitingRate","2.41","-60.86","34.2585345713887","5.74146542861134","5.74146542861134","6.14146542861134"
"78","Aedes_aegypti","BitingRate","3.9","-51.81","34.5586448753055","5.44135512469447","5.44135512469447","5.84135512469447"
"79","Aedes_aegypti","BitingRate","-3.72","-38.51","33.7999418709299","6.20005812907012","6.20005812907012","6.60005812907012"
"80","Aedes_aegypti","BitingRate","-3.31","-41.41","34.5767598614374","5.42324013856257","5.42324013856257","5.82324013856257"
"81","Aedes_aegypti","BitingRate","3.05","101.76","33.8866464068299","6.11335359317011","6.11335359317011","6.51335359317011"
"82","Aedes_aegypti","BitingRate","3.08","101.62","35.1177309150834","4.88226908491658","4.88226908491658","5.28226908491658"
"83","Aedes_aegypti","BitingRate","3.11","101.73","34.7362133428053","5.26378665719465","5.26378665719465","5.66378665719465"
"84","Aedes_aegypti","BitingRate","3.13","101.63","35.8866416320099","4.11335836799007","4.11335836799007","4.51335836799007"
"85","Aedes_aegypti","BitingRate","3.15","101.72","35.5022926741573","4.49770732584273","4.49770732584273","4.89770732584272"
"86","Aedes_aegypti","BitingRate","3.16","101.66","35.6434599809243","4.35654001907573","4.35654001907573","4.75654001907573"
"87","Aedes_aegypti","BitingRate","3.18","101.7","35.516329635174","4.48367036482602","4.48367036482602","4.88367036482602"
"88","Aedes_aegypti","BitingRate","3.21","101.63","35.4913918346307","4.50860816536931","4.50860816536931","4.90860816536931"
"89","Aedes_aegypti","BitingRate","4.92","-52.37","33.7995348603531","6.20046513964694","6.20046513964694","6.60046513964694"
"90","Aedes_aegypti","BitingRate","4.94","-52.33","33.8349995860728","6.16500041392722","6.16500041392722","6.56500041392722"
"91","Aedes_aegypti","BitingRate","-4.42","119.62","33.7996990299871","6.20030097001287","6.20030097001287","6.60030097001287"
"92","Aedes_aegypti","BitingRate","4.15","-73.63","38.2985932871158","1.70140671288424","1.70140671288424","2.10140671288424"
"93","Aedes_aegypti","BitingRate","-3.74","-73.24","35.2028071188775","4.79719288112246","4.79719288112246","5.19719288112246"
"94","Aedes_aegypti","BitingRate","1.29","103.85","33.7999034711973","6.20009652880267","6.20009652880267","6.60009652880267"
"95","Aedes_aegypti","BitingRate","-2.48","-44.23","33.7994558514937","6.20054414850633","6.20054414850633","6.60054414850633"
"96","Aedes_aegypti","BitingRate","-1.44","-48.5","35.1985826537376","4.8014173462624","4.8014173462624","5.2014173462624"
"97","Aedes_aegypti","BitingRate","-1.38","-48.38","34.9149976800506","5.08500231994943","5.08500231994943","5.48500231994943"
"98","Aedes_aegypti","BitingRate","0.39","9.45","33.7991883987507","6.20081160124933","6.20081160124933","6.60081160124933"
"99","Aedes_aegypti","BitingRate","4.83","-52.45","33.8005093116472","6.1994906883528","6.1994906883528","6.5994906883528"
"100","Aedes_aegypti","BitingRate","4.85","-52.33","33.9082547741701","6.09174522582992","6.09174522582992","6.49174522582992"
"101","Aedes_aegypti","BitingRate","4.88","-52.28","33.7995872573229","6.20041274267712","6.20041274267712","6.60041274267711"
"102","Aedes_aegypti","BitingRate","-3.78","-38.59","33.7995913627241","6.20040863727588","6.20040863727588","6.60040863727588"
"103","Aedes_aegypti","BitingRate","-3.75","-73.27","35.2138193740917","4.78618062590834","4.78618062590834","5.18618062590834"
"104","Aedes_aegypti","BitingRate","-3.73","-73.25","35.1686385999837","4.83136140001628","4.83136140001628","5.23136140001628"
"105","Aedes_aegypti","BitingRate","-3.73","-73.26","35.2078346232313","4.79216537676874","4.79216537676874","5.19216537676874"
"106","Aedes_aegypti","BitingRate","-2.33","106.22","33.7997757908663","6.20022420913366","6.20022420913366","6.60022420913366"
"107","Aedes_aegypti","BitingRate","-1.43","-48.5","35.2028246649927","4.79717533500734","4.79717533500734","5.19717533500734"
"108","Aedes_aegypti","BitingRate","-0.16","-50.38","33.8588118024821","6.14118819751792","6.14118819751792","6.54118819751792"
"109","Aedes_aegypti","BitingRate","1.51","103.51","33.7999416178643","6.20005838213572","6.20005838213572","6.60005838213571"
"110","Aedes_aegypti","BitingRate","3.04","101.44","34.1883468114673","5.81165318853267","5.81165318853267","6.21165318853267"
"111","Aedes_aegypti","BitingRate","4.57","-52.47","33.7999390740977","6.20006092590235","6.20006092590235","6.60006092590235"
"112","Aedes_aegypti","BitingRate","4.86","-52.27","33.9089727436554","6.09102725634462","6.09102725634462","6.49102725634462"
"113","Aedes_aegypti","BitingRate","4.9","-52.5","33.7999902377905","6.20000976220953","6.20000976220953","6.60000976220953"
"114","Aedes_aegypti","BitingRate","4.91","-52.28","33.8199118170917","6.18008818290834","6.18008818290834","6.58008818290834"
"115","Aedes_aegypti","BitingRate","-4.5","-73.58","34.5232626000737","5.47673739992631","5.47673739992631","5.87673739992631"
"116","Aedes_aegypti","BitingRate","-3.75","-38.58","33.7996698445053","6.20033015549469","6.20033015549469","6.60033015549469"
"117","Aedes_aegypti","BitingRate","-3.11","-60.02","36.1542579768807","3.84574202311927","3.84574202311927","4.24574202311927"
"118","Aedes_aegypti","BitingRate","-3.1","-60.02","36.2030561080401","3.79694389195991","3.79694389195991","4.1969438919599"
"119","Aedes_aegypti","BitingRate","-3.06","-60.01","36.1559798667459","3.84402013325407","3.84402013325407","4.24402013325407"
"120","Aedes_aegypti","BitingRate","-3.02","-59.97","36.0232104918451","3.97678950815489","3.97678950815489","4.37678950815489"
"121","Aedes_aegypti","BitingRate","-3.98","-40.69","35.4110563762627","4.58894362373729","4.58894362373729","4.98894362373729"
"122","Aedes_aegypti","BitingRate","-2.51","-44.3","33.7999101050177","6.20008989498228","6.20008989498228","6.60008989498228"
"123","Aedes_aegypti","BitingRate","1.75","104.07","33.7996534293989","6.20034657060106","6.20034657060106","6.60034657060106"
"124","Aedes_aegypti","BitingRate","2.83","-60.66","36.4774787469515","3.52252125304855","3.52252125304855","3.92252125304854"
"125","Aedes_aegypti","BitingRate","3.43","-76.53","33.7996745348399","6.20032546516013","6.20032546516013","6.60032546516013"
"126","Aedes_aegypti","BitingRate","3.46","-76.47","33.7996287894759","6.20037121052412","6.20037121052412","6.60037121052412"
"127","Aedes_aegypti","BitingRate","3.47","-76.52","33.7997562163329","6.20024378366706","6.20024378366706","6.60024378366705"
"128","Aedes_aegypti","BitingRate","3.48","-76.47","33.7998007189883","6.20019928101173","6.20019928101173","6.60019928101173"
"129","Aedes_aegypti","BitingRate","3.48","-76.48","33.7996236171399","6.20037638286009","6.20037638286009","6.60037638286008"
"130","Aedes_aegypti","BitingRate","-3.91","-70.93","33.7996037380663","6.20039626193375","6.20039626193375","6.60039626193375"
"131","Aedes_aegypti","BitingRate","-3.75","-73.26","35.1256095156183","4.87439048438168","4.87439048438168","5.27439048438168"
"132","Aedes_aegypti","BitingRate","-3.74","-73.26","35.1867025233723","4.81329747662775","4.81329747662775","5.21329747662774"
"133","Aedes_aegypti","BitingRate","-3.72","-73.24","35.1882497309578","4.81175026904219","4.81175026904219","5.21175026904218"
"134","Aedes_aegypti","BitingRate","-3.38","-43.11","37.3815073787431","2.61849262125689","2.61849262125689","3.01849262125689"
"135","Aedes_aegypti","BitingRate","-3.22","40.11","33.7998632095314","6.20013679046863","6.20013679046863","6.60013679046863"
"136","Aedes_aegypti","BitingRate","-2.95","-60.03","35.5998773861234","4.40012261387664","4.40012261387664","4.80012261387664"
"137","Aedes_aegypti","BitingRate","-2.6","-44.35","34.8184942940903","5.18150570590969","5.18150570590969","5.58150570590968"
"138","Aedes_aegypti","BitingRate","-2.56","-44.23","33.7997752326126","6.20022476738743","6.20022476738743","6.60022476738742"
"139","Aedes_aegypti","BitingRate","-2.43","-44.78","34.4308946870243","5.56910531297574","5.56910531297574","5.96910531297573"
"140","Aedes_aegypti","BitingRate","-0.1","34.75","35.1625910505492","4.83740894945078","4.83740894945078","5.23740894945078"
"141","Aedes_aegypti","BitingRate","2.92","11.15","33.7999630257232","6.20003697427683","6.20003697427683","6.60003697427683"
"142","Aedes_aegypti","BitingRate","2.93","11.98","33.79982066974","6.20017933025999","6.20017933025999","6.60017933025999"
"143","Aedes_aegypti","BitingRate","3.52","11.5","33.7999669089507","6.20003309104928","6.20003309104928","6.60003309104928"
"144","Aedes_aegypti","BitingRate","3.87","11.52","33.7993070236677","6.20069297633232","6.20069297633232","6.60069297633232"
"145","Aedes_aegypti","BitingRate","3.9","12.53","34.1607921851203","5.83920781487965","5.83920781487965","6.23920781487965"
"146","Aedes_aegypti","BitingRate","4.02","9.19","33.7999139677006","6.20008603229937","6.20008603229937","6.60008603229937"
"147","Aedes_aegypti","BitingRate","4.05","9.71","33.7999867444161","6.2000132555839","6.2000132555839","6.6000132555839"
"148","Aedes_aegypti","BitingRate","4.07","9.37","33.7998066343762","6.20019336562376","6.20019336562376","6.60019336562376"
"149","Aedes_aegypti","BitingRate","4.16","9.23","33.7998172822845","6.20018271771554","6.20018271771554","6.60018271771554"
"150","Aedes_aegypti","BitingRate","4.43","14.36","34.6926622370158","5.30733776298423","5.30733776298423","5.70733776298422"
"151","Aedes_aegypti","BitingRate","4.5","9.57","36.1958726117165","3.80412738828348","3.80412738828348","4.20412738828348"
"152","Aedes_aegypti","BitingRate","4.58","13.68","34.2868818047453","5.71311819525472","5.71311819525472","6.11311819525471"
"153","Aedes_aegypti","BitingRate","-4.3","-47.56","36.513266150363","3.48673384963703","3.48673384963703","3.88673384963703"
"154","Aedes_aegypti","BitingRate","-3.8","-38.58","33.799982875143","6.20001712485703","6.20001712485703","6.60001712485703"
"155","Aedes_aegypti","BitingRate","-3.8","-38.59","33.7999077321964","6.20009226780358","6.20009226780358","6.60009226780357"
"156","Aedes_aegypti","BitingRate","-3.78","-38.6","33.7996703416972","6.20032965830279","6.20032965830279","6.60032965830279"
"157","Aedes_aegypti","BitingRate","-3.76","-38.56","33.7991737560947","6.2008262439053","6.2008262439053","6.6008262439053"
"158","Aedes_aegypti","BitingRate","-3.75","-38.57","33.7996143445127","6.20038565548733","6.20038565548733","6.60038565548733"
"159","Aedes_aegypti","BitingRate","-3.75","-38.55","33.7995084272786","6.20049157272145","6.20049157272145","6.60049157272145"
"160","Aedes_aegypti","BitingRate","-3.74","-38.52","33.7999710572798","6.20002894272022","6.20002894272022","6.60002894272021"
"161","Aedes_aegypti","BitingRate","-3.72","-38.54","33.7999252340856","6.20007476591444","6.20007476591444","6.60007476591444"
"162","Aedes_aegypti","BitingRate","-3.1","-60.05","36.2121373987206","3.78786260127936","3.78786260127936","4.18786260127936"
"163","Aedes_aegypti","BitingRate","-3.08","-60.03","36.212258666981","3.78774133301898","3.78774133301898","4.18774133301898"
"164","Aedes_aegypti","BitingRate","2.81","-60.72","36.440664556612","3.55933544338802","3.55933544338802","3.95933544338802"
"165","Aedes_aegypti","BitingRate","3.58","98.66","34.2508906753581","5.74910932464187","5.74910932464187","6.14910932464187"
"166","Aedes_aegypti","BitingRate","-3.86","39.47","35.5540524970015","4.44594750299849","4.44594750299849","4.84594750299848"
"167","Aedes_aegypti","BitingRate","-3.69","-40.38","35.8384237150998","4.16157628490022","4.16157628490022","4.56157628490022"
"168","Aedes_aegypti","BitingRate","-3.12","-60.02","36.2565784520261","3.74342154797392","3.74342154797392","4.14342154797392"
"169","Aedes_aegypti","BitingRate","-2.51","-44.31","33.8155388720427","6.1844611279573","6.1844611279573","6.5844611279573"
"170","Aedes_aegypti","BitingRate","-1.4","-48.45","34.9794342281901","5.02056577180986","5.02056577180986","5.42056577180985"
"171","Aedes_aegypti","BitingRate","-1.37","-48.38","34.8846105685643","5.11538943143566","5.11538943143566","5.51538943143566"
"172","Aedes_aegypti","BitingRate","-0.16","-74.78","34.3737826669651","5.62621733303488","5.62621733303488","6.02621733303488"
"173","Aedes_aegypti","BitingRate","0.07","32.47","33.799607349447","6.20039265055296","6.20039265055296","6.60039265055296"
"174","Aedes_aegypti","BitingRate","3.23","101.7","35.2003633924006","4.79963660759942","4.79963660759942","5.19963660759942"
"175","Aedes_aegypti","BitingRate","3.41","-76.51","33.7993215122524","6.2006784877476","6.2006784877476","6.6006784877476"
"176","Aedes_aegypti","BitingRate","3.43","-76.52","33.7998021273352","6.2001978726648","6.2001978726648","6.6001978726648"
"177","Aedes_aegypti","BitingRate","3.53","-76.3","33.7927121627655","6.2072878372345","6.2072878372345","6.60728783723449"
"178","Aedes_aegypti","BitingRate","3.55","-76.31","33.7971880766073","6.20281192339272","6.20281192339272","6.60281192339272"
"179","Aedes_aegypti","BitingRate","3.88","-77.04","33.7993542810263","6.2006457189737","6.2006457189737","6.60064571897369"
"180","Aedes_aegypti","BitingRate","3.98","101.03","34.2491015571433","5.75089844285669","5.75089844285669","6.15089844285669"
"181","Aedes_aegypti","BitingRate","4.08","-76.2","33.797960387152","6.20203961284801","6.20203961284801","6.60203961284801"
"182","Aedes_aegypti","BitingRate","4.09","-76.21","33.7916943332398","6.20830566676022","6.20830566676022","6.60830566676022"
"183","Aedes_aegypti","BitingRate","4.41","-73.95","33.7999828678469","6.20001713215305","6.20001713215305","6.60001713215305"
"184","Aedes_aegypti","BitingRate","-3.76","-38.55","33.7999025123389","6.20009748766108","6.20009748766108","6.60009748766107"
"185","Aedes_aegypti","BitingRate","-3.76","-38.6","33.7997904640331","6.20020953596691","6.20020953596691","6.60020953596691"
"186","Aedes_aegypti","BitingRate","-3.74","-38.5","33.7996027735662","6.20039722643378","6.20039722643378","6.60039722643378"
"187","Aedes_aegypti","BitingRate","-3.73","-38.58","33.7996581274636","6.20034187253643","6.20034187253643","6.60034187253643"
"188","Aedes_aegypti","BitingRate","-3.72","-38.52","33.7999957581654","6.20000424183461","6.20000424183461","6.6000042418346"
"189","Aedes_aegypti","BitingRate","-3.71","-38.61","33.7996684102459","6.20033158975409","6.20033158975409","6.60033158975408"
"190","Aedes_aegypti","BitingRate","-3.23","-60.14","35.9368350672957","4.06316493270435","4.06316493270435","4.46316493270434"
"191","Aedes_aegypti","BitingRate","-3.23","40.13","33.7997754324556","6.20022456754435","6.20022456754435","6.60022456754435"
"192","Aedes_aegypti","BitingRate","-3.07","-59.96","36.1695860476301","3.83041395236994","3.83041395236994","4.23041395236994"
"193","Aedes_aegypti","BitingRate","4.21","-74.65","33.7994521071404","6.20054789285955","6.20054789285955","6.60054789285955"
"194","Aedes_aegypti","BitingRate","4.3","-74.81","34.2083923197705","5.79160768022954","5.79160768022954","6.19160768022954"
"195","Aedes_aegypti","BitingRate","-4.1","-63.12","36.1292957350363","3.87070426496373","3.87070426496373","4.27070426496373"
"196","Aedes_aegypti","BitingRate","-3.29","-60.62","35.7088926419544","4.29110735804564","4.29110735804564","4.69110735804563"
"197","Aedes_aegypti","BitingRate","-3.12","-60.01","36.1516405597482","3.84835944025176","3.84835944025176","4.24835944025175"
"198","Aedes_aegypti","BitingRate","-3.11","-60.06","36.19632623959","3.80367376041005","3.80367376041005","4.20367376041005"
"199","Aedes_aegypti","BitingRate","-3.09","-59.96","36.1973284867255","3.8026715132745","3.8026715132745","4.2026715132745"
"200","Aedes_aegypti","BitingRate","-3.06","-59.94","36.1134075548751","3.88659244512488","3.88659244512488","4.28659244512488"
"201","Aedes_aegypti","BitingRate","-2.99","104.76","34.234359864529","5.76564013547102","5.76564013547102","6.16564013547102"
"202","Aedes_aegypti","BitingRate","-1.65","11.98","33.7997887217974","6.20021127820256","6.20021127820256","6.60021127820256"
"203","Aedes_aegypti","BitingRate","-1.26","-69.73","33.7998315567001","6.20016844329987","6.20016844329987","6.60016844329986"
"204","Aedes_aegypti","BitingRate","0.27","-76.85","33.7998795142296","6.20012048577043","6.20012048577043","6.60012048577043"
"205","Aedes_aegypti","BitingRate","0.29","9.51","33.8298850676929","6.17011493230712","6.17011493230712","6.57011493230712"
"206","Aedes_aegypti","BitingRate","0.4","-76.78","33.7995974009912","6.20040259900878","6.20040259900878","6.60040259900877"
"207","Aedes_aegypti","BitingRate","0.67","-76.87","33.7999292272953","6.20007077270473","6.20007077270473","6.60007077270473"
"208","Aedes_aegypti","BitingRate","0.68","-76.58","33.7997745876343","6.20022541236571","6.20022541236571","6.60022541236571"
"209","Aedes_aegypti","BitingRate","-3.76","-73.26","35.1319684634611","4.86803153653885","4.86803153653885","5.26803153653885"
"210","Aedes_aegypti","BitingRate","-3.74","-73.25","35.1737277899267","4.82627221007333","4.82627221007333","5.22627221007333"
"211","Aedes_aegypti","BitingRate","-0.83","12.72","33.964123111817","6.03587688818295","6.03587688818295","6.43587688818295"
"212","Aedes_aegypti","BitingRate","0.31","9.51","33.7999720001617","6.20002799983828","6.20002799983828","6.60002799983828"
"213","Aedes_aegypti","BitingRate","0.37","9.46","33.7997400987082","6.20025990129177","6.20025990129177","6.60025990129176"
"214","Aedes_aegypti","BitingRate","0.38","9.46","33.7999999890307","6.2000000109693","6.2000000109693","6.6000000109693"
"215","Aedes_aegypti","BitingRate","0.39","9.48","33.7998795152915","6.20012048470847","6.20012048470847","6.60012048470847"
"216","Aedes_aegypti","BitingRate","0.4","9.48","33.7997116690876","6.20028833091243","6.20028833091243","6.60028833091243"
"217","Aedes_aegypti","BitingRate","0.41","9.52","33.7997266743333","6.20027332566675","6.20027332566675","6.60027332566675"
"218","Aedes_aegypti","BitingRate","0.41","9.46","33.799916809168","6.20008319083198","6.20008319083198","6.60008319083198"
"219","Aedes_aegypti","BitingRate","0.41","9.44","33.7998832442141","6.20011675578589","6.20011675578589","6.60011675578589"
"220","Aedes_aegypti","BitingRate","0.43","9.47","33.7998899906483","6.20011000935175","6.20011000935175","6.60011000935175"
"221","Aedes_aegypti","BitingRate","0.43","9.49","33.7996396940425","6.20036030595749","6.20036030595749","6.60036030595749"
"222","Aedes_aegypti","BitingRate","0.44","9.44","33.7999464451421","6.20005355485787","6.20005355485787","6.60005355485787"
"223","Aedes_aegypti","BitingRate","0.44","9.43","33.7998579699863","6.20014203001372","6.20014203001372","6.60014203001372"
"224","Aedes_aegypti","BitingRate","0.44","9.5","33.7999059307821","6.20009406921794","6.20009406921794","6.60009406921794"
"225","Aedes_aegypti","BitingRate","0.47","9.41","33.7999186623924","6.20008133760764","6.20008133760764","6.60008133760764"
"226","Aedes_aegypti","BitingRate","0.49","9.4","33.7997117825561","6.20028821744395","6.20028821744395","6.60028821744395"
"227","Aedes_aegypti","BitingRate","0.99","9.59","33.7999821834504","6.2000178165496","6.2000178165496","6.6000178165496"
"228","Aedes_aegypti","BitingRate","1.6","11.58","33.7997097421779","6.20029025782211","6.20029025782211","6.60029025782211"
"229","Aedes_aegypti","BitingRate","1.61","-75.61","33.7999503511061","6.20004964889387","6.20004964889387","6.60004964889387"
"230","Aedes_aegypti","BitingRate","1.62","-75.6","33.7998085960394","6.20019140396063","6.20019140396063","6.60019140396063"
"231","Aedes_aegypti","BitingRate","2.57","-72.63","35.761276427035","4.23872357296502","4.23872357296502","4.63872357296502"
"232","Aedes_aegypti","BitingRate","2.58","-72.65","35.8139567356169","4.18604326438307","4.18604326438307","4.58604326438306"
"233","Aedes_aegypti","BitingRate","2.82","-60.69","36.4623422294569","3.53765777054311","3.53765777054311","3.9376577705431"
"234","Aedes_aegypti","BitingRate","3.02","101.25","33.7999339106722","6.20006608932778","6.20006608932778","6.60006608932778"
"235","Aedes_aegypti","BitingRate","3.04","101.28","33.7997443840002","6.20025561599982","6.20025561599982","6.60025561599981"
"236","Aedes_aegypti","BitingRate","3.04","101.5","35.7425239189367","4.25747608106331","4.25747608106331","4.65747608106331"
"237","Aedes_aegypti","BitingRate","3.04","101.51","35.8462084993802","4.15379150061978","4.15379150061978","4.55379150061978"
"238","Aedes_aegypti","BitingRate","3.85","10.52","33.9455423474529","6.05445765254714","6.05445765254714","6.45445765254713"
"239","Aedes_aegypti","BitingRate","3.91","12.53","34.1537652545145","5.84623474548545","5.84623474548545","6.24623474548545"
"240","Aedes_aegypti","BitingRate","3.98","-73.76","33.7997144961703","6.20028550382969","6.20028550382969","6.60028550382969"
"241","Aedes_aegypti","BitingRate","3.98","13.17","33.7998972275225","6.20010277247746","6.20010277247746","6.60010277247746"
"242","Aedes_aegypti","BitingRate","4.09","-72.96","36.6684854377926","3.33151456220742","3.33151456220742","3.73151456220742"
"243","Aedes_aegypti","BitingRate","4.09","-72.95","36.7143038131012","3.28569618689877","3.28569618689877","3.68569618689877"
"244","Aedes_aegypti","BitingRate","4.15","-73.64","37.7559270283879","2.24407297161209","2.24407297161209","2.64407297161209"
"245","Aedes_aegypti","BitingRate","4.3","-74.8","34.0974389324902","5.9025610675098","5.9025610675098","6.3025610675098"
"246","Aedes_aegypti","BitingRate","4.63","-74.47","33.7988358760711","6.2011641239289","6.2011641239289","6.6011641239289"
"247","Aedes_aegypti","BitingRate","4.64","-74.47","33.7997991217553","6.20020087824469","6.20020087824469","6.60020087824469"
"248","Aedes_aegypti","BitingRate","4.75","11.22","36.5621184254187","3.43788157458127","3.43788157458127","3.83788157458127"
"249","Aedes_aegypti","BitingRate","-3.94","39.57","34.7007496854381","5.29925031456194","5.29925031456194","5.69925031456194"
"250","Aedes_aegypti","BitingRate","-3.93","39.57","34.54947296955","5.45052703044995","5.45052703044995","5.85052703044995"
"251","Aedes_aegypti","BitingRate","-3.92","39.6","34.6279420563475","5.37205794365253","5.37205794365253","5.77205794365253"
"252","Aedes_aegypti","BitingRate","-3.91","39.6","34.3170570377631","5.68294296223689","5.68294296223689","6.08294296223688"
"253","Aedes_aegypti","BitingRate","-3.05","-59.94","36.0933246937371","3.90667530626292","3.90667530626292","4.30667530626292"
"254","Aedes_aegypti","BitingRate","-0.18","29.9","33.7999702230775","6.20002977692246","6.20002977692246","6.60002977692246"
"255","Aedes_aegypti","BitingRate","1.38","103.83","33.7999179402194","6.20008205978061","6.20008205978061","6.60008205978061"
"256","Aedes_aegypti","BitingRate","1.41","103.76","33.7997555183412","6.20024448165879","6.20024448165879","6.60024448165878"
"257","Aedes_aegypti","BitingRate","1.42","103.75","33.7995290260032","6.2004709739968","6.2004709739968","6.6004709739968"
"258","Aedes_aegypti","BitingRate","1.43","103.76","33.7999498374111","6.20005016258887","6.20005016258887","6.60005016258886"
"259","Aedes_aegypti","BitingRate","3.57","101.89","33.7997865904543","6.20021340954573","6.20021340954573","6.60021340954572"
"260","Aedes_aegypti","BitingRate","0.82","30.17","33.7998900192175","6.20010998078255","6.20010998078255","6.60010998078255"
"261","Aedes_aegypti","BitingRate","3.57","101.88","33.7998490051319","6.20015099486806","6.20015099486806","6.60015099486806"
"262","Aedes_aegypti","BitingRate","3.84","11.5","33.7999552884588","6.20004471154116","6.20004471154116","6.60004471154116"
"263","Aedes_aegypti","BitingRate","4.53","-75.71","33.7986824704024","6.20131752959764","6.20131752959764","6.60131752959764"
"264","Aedes_aegypti","BitingRate","-3.93","39.55","34.7918121899827","5.20818781001726","5.20818781001726","5.60818781001726"
"265","Aedes_aegypti","BitingRate","-0.5","13.1","34.2567901870578","5.74320981294223","5.74320981294223","6.14320981294222"
"266","Aedes_aegypti","BitingRate","0.57","30.37","33.7999262300055","6.20007376999451","6.20007376999451","6.60007376999451"
"267","Aedes_aegypti","BitingRate","1.27","103.81","33.7997345866142","6.2002654133858","6.2002654133858","6.6002654133858"
"268","Aedes_aegypti","BitingRate","1.3","103.76","33.7999950448471","6.20000495515294","6.20000495515294","6.60000495515294"
"269","Aedes_aegypti","BitingRate","1.31","103.84","33.7999964998121","6.20000350018792","6.20000350018792","6.60000350018792"
"270","Aedes_aegypti","BitingRate","1.31","103.8","33.7999884632846","6.20001153671542","6.20001153671542","6.60001153671542"
"271","Aedes_aegypti","BitingRate","1.35","103.87","33.7997823697441","6.20021763025593","6.20021763025593","6.60021763025593"
"272","Aedes_aegypti","BitingRate","1.36","103.84","33.7995903367481","6.20040966325185","6.20040966325185","6.60040966325185"
"273","Aedes_aegypti","BitingRate","1.37","103.85","33.7996906822855","6.20030931771451","6.20030931771451","6.60030931771451"
"274","Aedes_aegypti","BitingRate","1.37","103.94","33.7999370611458","6.20006293885416","6.20006293885416","6.60006293885416"
"275","Aedes_aegypti","BitingRate","1.37","103.95","33.7998962517652","6.2001037482348","6.2001037482348","6.60010374823479"
"276","Aedes_aegypti","BitingRate","1.37","103.88","33.7999784350482","6.20002156495175","6.20002156495175","6.60002156495175"
"277","Aedes_aegypti","BitingRate","4.37","18.55","36.8641619670919","3.13583803290808","3.13583803290808","3.53583803290808"
"278","Aedes_aegypti","BitingRate","-4.31","15.19","34.3418206601738","5.65817933982616","5.65817933982616","6.05817933982615"
"279","Aedes_aegypti","BitingRate","-4.26","15.2","34.4219726448602","5.57802735513975","5.57802735513975","5.97802735513975"
"280","Aedes_aegypti","BitingRate","-3.48","-80.26","33.9518937834599","6.04810621654011","6.04810621654011","6.4481062165401"
"281","Aedes_aegypti","BitingRate","-4.79","11.84","33.7995073975772","6.20049260242281","6.20049260242281","6.6004926024228"
"282","Aedes_aegypti","BitingRate","-4.31","15.31","34.4262405516697","5.57375944833029","5.57375944833029","5.97375944833028"
"283","Aedes_aegypti","BitingRate","-4.05","39.67","34.5972354863864","5.40276451361357","5.40276451361357","5.80276451361357"
"284","Aedes_aegypti","BitingRate","-4.05","39.7","34.6000149359191","5.39998506408089","5.39998506408089","5.79998506408089"
"285","Aedes_aegypti","BitingRate","-3.64","39.85","33.7999559973697","6.20004400263033","6.20004400263033","6.60004400263033"
"286","Aedes_aegypti","BitingRate","-3.63","39.86","33.7990876673459","6.20091233265409","6.20091233265409","6.60091233265409"
"287","Aedes_aegypti","BitingRate","-3.39","39.93","33.7999137453153","6.20008625468472","6.20008625468472","6.60008625468472"
"288","Aedes_aegypti","BitingRate","-3.12","40","33.799943174331","6.20005682566904","6.20005682566904","6.60005682566904"
"289","Aedes_aegypti","BitingRate","-3.12","-59.93","36.3802689469983","3.6197310530017","3.6197310530017","4.0197310530017"
"290","Aedes_aegypti","BitingRate","-3.11","-59.98","36.3494398213243","3.65056017867568","3.65056017867568","4.05056017867567"
"291","Aedes_aegypti","BitingRate","-3.11","-59.99","36.3070371342699","3.6929628657301","3.6929628657301","4.09296286573009"
"292","Aedes_aegypti","BitingRate","-1.63","13.6","34.2916254765443","5.70837452345566","5.70837452345566","6.10837452345566"
"293","Aedes_aegypti","BitingRate","-0.67","37.35","33.7987479212485","6.20125207875152","6.20125207875152","6.60125207875152"
"294","Aedes_aegypti","BitingRate","-0.61","30.65","33.7998863471139","6.20011365288608","6.20011365288608","6.60011365288608"
"295","Aedes_aegypti","BitingRate","-0.33","31.73","33.7995997200102","6.20040027998984","6.20040027998984","6.60040027998984"
"296","Aedes_aegypti","BitingRate","0.15","32.58","33.7998825808936","6.20011741910643","6.20011741910643","6.60011741910643"
"297","Aedes_aegypti","BitingRate","0.17","32.48","33.7997584298251","6.20024157017493","6.20024157017493","6.60024157017493"
"298","Aedes_aegypti","BitingRate","1.65","44.67","33.7995271658582","6.20047283414178","6.20047283414178","6.60047283414178"
"299","Aedes_aegypti","BitingRate","2.02","-75.76","33.7994778547704","6.2005221452296","6.2005221452296","6.6005221452296"
"300","Aedes_aegypti","BitingRate","2.15","45.18","34.888789526951","5.11121047304902","5.11121047304902","5.51121047304902"
"301","Aedes_aegypti","BitingRate","2.3","45.8","33.7998447071007","6.20015529289926","6.20015529289926","6.60015529289926"
"302","Aedes_aegypti","BitingRate","2.35","-78.33","33.7998241621806","6.20017583781937","6.20017583781937","6.60017583781937"
"303","Aedes_aegypti","BitingRate","2.39","-75.89","33.7996219826937","6.20037801730631","6.20037801730631","6.60037801730631"
"304","Aedes_aegypti","BitingRate","2.69","-75.33","33.7999465111798","6.20005348882025","6.20005348882025","6.60005348882024"
"305","Aedes_aegypti","BitingRate","2.93","-75.29","33.7999732924319","6.20002670756808","6.20002670756808","6.60002670756808"
"306","Aedes_aegypti","BitingRate","3.02","-76.48","33.7999921099675","6.20000789003254","6.20000789003254","6.60000789003254"
"307","Aedes_aegypti","BitingRate","3.04","101.45","34.2954049947668","5.70459500523322","5.70459500523322","6.10459500523321"
"308","Aedes_aegypti","BitingRate","3.07","101.72","34.8013759483815","5.19862405161854","5.19862405161854","5.59862405161854"
"309","Aedes_aegypti","BitingRate","3.09","101.72","34.6158721978012","5.38412780219882","5.38412780219882","5.78412780219882"
"310","Aedes_aegypti","BitingRate","3.09","101.62","34.8727085483658","5.12729145163424","5.12729145163424","5.52729145163423"
"311","Aedes_aegypti","BitingRate","3.11","101.66","34.6512526495983","5.34874735040168","5.34874735040168","5.74874735040168"
"312","Aedes_aegypti","BitingRate","3.12","101.72","34.8077958864478","5.19220411355218","5.19220411355218","5.59220411355218"
"313","Aedes_aegypti","BitingRate","3.13","101.7","35.6176411003076","4.38235889969239","4.38235889969239","4.78235889969239"
"314","Aedes_aegypti","BitingRate","3.14","101.73","35.6758818867588","4.32411811324119","4.32411811324119","4.72411811324119"
"315","Aedes_aegypti","BitingRate","3.16","101.76","34.394435730705","5.60556426929495","5.60556426929495","6.00556426929495"
"316","Aedes_aegypti","BitingRate","3.16","101.71","35.5685946761549","4.43140532384508","4.43140532384508","4.83140532384508"
"317","Aedes_aegypti","BitingRate","3.17","101.71","35.4309768496054","4.56902315039463","4.56902315039463","4.96902315039463"
"318","Aedes_aegypti","BitingRate","3.22","101.73","34.6574041329115","5.34259586708853","5.34259586708853","5.74259586708853"
"319","Aedes_aegypti","BitingRate","3.87","100.82","33.7999783909956","6.20002160900443","6.20002160900443","6.60002160900443"
"320","Aedes_aegypti","BitingRate","3.89","-51.81","34.4632300316265","5.53676996837352","5.53676996837352","5.93676996837352"
"321","Aedes_aegypti","BitingRate","4.75","-75.91","33.7998830263465","6.2001169736535","6.2001169736535","6.6001169736535"
